class,I-AUROC
bottle,0.8865079283714294
cable,0.7027736902236938
capsule,0.8950937390327454
carpet,0.9995986819267273
grid,0.9782790541648865
hazelnut,0.9717857241630554
leather,0.99830162525177
metal_nut,0.9237536191940308
pill,0.8109656572341919
screw,0.8210698962211609
tile,1.0
toothbrush,0.8527778387069702
transistor,0.9387500882148743
wood,0.9692983031272888
zipper,0.983981192111969
