class,I-AUROC
bottle,0.8865079365079366
cable,0.7027736131934031
capsule,0.8950937375349022
hazelnut,0.9717857142857143
metal_nut,0.9237536656891495
pill,0.8109656301145662
screw,0.8210698913711827
toothbrush,0.8527777777777779
transistor,0.93875
zipper,0.9839810924369747
wood,0.9692982456140351
tile,1.0
grid,0.9782790309106099
leather,0.9983016304347826
carpet,0.9995987158908507
